{
    "k5": {
        "avg": 0.8556822515037984,
        "std": 0.0190418998338139
    },
    "k10": {
        "avg": 0.857116531009148,
        "std": 0.013594249645128193
    }
}